Number,Country,Total Cases,New Cases,Total Deaths,New Deaths,Total Recovered,Active Cases,Serious_Critical,Total Cases Per 1m Pop,Deaths Per 1m Pop,Total Tests,Tests Per 1m Pop,Population
1,USA,"33,716,150",+199,"600,148",+1,"27,136,020",,"5,979,982","7,971","101,342","1,804","466,056,452","1,400,847","332,696,143",North America,10,554,1,0.6,,"17,974"
2,India,"24,965,463",+538,"274,411",,"21,174,076","+6,467","3,516,976","8,944","17,937",197,"316,423,658","227,344","1,391,827,403",Asia,56,"5,072",4,0.4,,"2,527"
3,Brazil,"15,627,475",,"435,823",,"14,097,287",,"1,094,365","8,318","73,068","2,038","47,073,060","220,094","213,877,218",South America,14,491,5,,,"5,117"
4,France,"5,877,787",,"107,616",,"5,116,705",,"653,466","4,255","89,875","1,646","81,239,297","1,242,197","65,399,664",Europe,11,608,1,,,"9,992"
5,Turkey,"5,117,374",,"44,760",,"4,947,256",,"125,358","2,468","60,113",526,"50,869,896","597,558","85,129,663",Asia,17,"1,902",2,,,"1,473"
6,Russia,"4,949,573","+9,328","116,211",+340,"4,563,254","+7,181","270,108","2,300","33,904",796,"133,800,000","916,507","145,989,144",Europe,29,"1,256",1,64,2,"1,850"
7,UK,"4,450,777",,"127,679",,"4,277,207",,"45,891",129,"65,263","1,872","169,007,195","2,478,213","68,197,203",Europe,15,534,0,,,673
8,Italy,"4,159,122",,"124,156",,"3,706,084",,"328,882","1,779","68,878","2,056","62,902,667","1,041,709","60,384,095",Europe,15,486,1,,,"5,447"
9,Spain,"3,604,799",,"79,339",,"3,297,340",,"228,120","1,899","77,074","1,696","47,213,067","1,009,460","46,770,603",Europe,13,590,1,,,"4,877"
10,Germany,"3,602,939",,"86,731",,"3,300,700","+14,300","215,508","4,123","42,883","1,032","58,093,759","691,445","84,017,867",Europe,23,969,1,,,"2,565"
11,Argentina,"3,307,285",,"70,522",,"2,952,599",,"284,164","5,538","72,596","1,548","12,399,366","272,171","45,557,248",South America,14,646,4,,,"6,238"
12,Colombia,"3,118,426",,"81,300",,"2,917,584",,"119,542","6,582","60,722","1,583","15,925,025","310,095","51,355,369",South America,16,632,3,,,"2,328"
13,Poland,"2,855,190","+1,109","71,675",+11,"2,605,703","+4,729","177,812","1,572","75,513","1,896","15,184,082","401,585","37,810,373",Europe,13,528,2,29,0.3,"4,703"
14,Iran,"2,765,485","+14,319","77,222",+286,"2,242,023","+15,901","446,240","5,264","32,562",909,"18,151,487","213,726","84,928,868",Asia,31,"1,100",5,169,3,"5,254"
15,Mexico,"2,381,923","+1,233","220,433",+53,"1,901,322","+1,580","260,168","4,798","18,307","1,694","6,852,082","52,663","130,112,930",North America,55,590,19,9,0.4,"2,000"
16,Ukraine,"2,156,000","+2,136","48,184",+109,"1,864,593","+6,869","243,223",177,"49,559","1,108","9,841,788","226,228","43,503,769",Europe,20,903,4,49,3,"5,591"
17,Peru,"1,889,052",,"66,220",,"1,720,665",,"102,167","2,680","56,607","1,984","12,091,820","362,339","33,371,555",South America,18,504,3,,,"3,061"
18,Indonesia,"1,744,045","+4,295","48,305",+212,"1,606,611","+5,754","89,129",,"6,318",175,"15,528,037","56,252","276,043,430",Asia,158,"5,715",18,16,0.8,323
19,Czechia,"1,653,099",+257,"29,913",+6,"1,596,931",+24,"26,255",250,"154,116","2,789","21,389,353","1,994,097","10,726,335",Europe,6,359,1,24,0.6,"2,448"
20,South Africa,"1,613,728",,"55,210",,"1,524,352",,"34,166",546,"26,914",921,"11,115,048","185,375","59,959,712",Africa,37,"1,086",5,,,570
21,Netherlands,"1,598,164",,"17,449",,"1,369,594",,"211,121",681,"93,090","1,016","13,524,699","787,786","17,167,986",Europe,11,984,1,,,"12,297"
22,Canada,"1,328,582",,"24,948",,"1,233,287",,"70,347","1,344","34,935",656,"33,482,165","880,400","38,030,617",North America,29,"1,524",1,,,"1,850"
23,Chile,"1,286,548",,"27,832",,"1,220,351",,"38,365","2,954","66,802","1,445","13,947,396","724,192","19,259,250",South America,15,692,1,,,"1,992"
24,Philippines,"1,149,925","+5,979","19,262",+72,"1,076,428","+6,602","54,235","1,819","10,374",174,"12,660,106","114,209","110,850,579",Asia,96,"5,755",9,54,0.6,489
25,Iraq,"1,139,373",,"15,954",,"1,045,240",,"78,179",456,"27,786",389,"9,872,873","240,769","41,005,620",Asia,36,"2,570",4,,,"1,907"
26,Romania,"1,072,291",+392,"29,571",+48,"1,026,299","+1,154","16,421",753,"56,067","1,546","8,689,588","454,350","19,125,336",Europe,18,647,2,20,3,859
27,Sweden,"1,037,126",,"14,275",,"892,260",,"130,591",306,"102,138","1,406","9,481,745","933,775","10,154,202",Europe,10,711,1,,,"12,861"
28,Belgium,"1,031,923","+1,852","24,709",+23,"910,652",,"96,562",616,"88,702","2,124","13,287,222","1,142,137","11,633,650",Europe,11,471,1,159,2,"8,300"
29,Pakistan,"880,362","+3,232","19,617",+74,"792,522","+3,754","68,223","4,443","3,919",87,"12,480,767","55,564","224,617,789",Asia,255,"11,450",18,14,0.3,304
30,Portugal,"842,182",,"17,007",,"802,900",,"22,275",71,"82,805","1,672","11,165,909","1,097,850","10,170,705",Europe,12,598,1,,,"2,190"
31,Israel,"839,119",,"6,382",,"832,072",,665,71,"91,232",694,"14,487,253","1,575,114","9,197,590",Asia,11,"1,441",1,,,72
32,Hungary,"798,573",+426,"29,213",+38,"630,976","+5,888","138,384",258,"82,849","3,031","5,649,027","586,066","9,638,898",Europe,12,330,2,44,4,"14,357"
33,Bangladesh,"780,857",+698,"12,181",+32,"723,094","+1,058","45,582","1,139","4,701",73,"5,718,063","34,421","166,119,101",Asia,213,"13,638",29,4,0.2,274
34,Jordan,"724,154",,"9,259",,"710,445",,"4,450",729,"70,365",900,"6,940,992","674,446","10,291,397",Asia,14,"1,112",1,,,432
35,Serbia,"706,458",,"6,681",,"677,135",,"22,642",99,"81,141",767,"4,009,511","460,515","8,706,580",Europe,12,"1,303",2,,,"2,601"
36,Japan,"683,175","+5,263","11,508",+45,"595,177","+5,133","76,490","1,227","5,416",91,"13,122,469","104,033","126,137,802",Asia,185,"10,961",10,42,0.4,606
37,Switzerland,"682,160","+2,650","10,736",+5,"621,695","+1,400","49,729",183,"78,321","1,233","7,338,506","842,556","8,709,819",Europe,13,811,1,304,0.6,"5,710"
38,Austria,"637,573",+476,"10,480",+6,"617,307","+1,159","9,786",293,"70,440","1,158","36,531,447","4,036,073","9,051,236",Europe,14,864,0,53,0.7,"1,081"
39,UAE,"547,411","+1,229","1,633",+2,"527,519","+1,217","18,259",,"54,771",163,"47,061,854","4,708,795","9,994,457",Asia,18,"6,120",0,123,0.2,"1,827"
40,Lebanon,"535,753",,"7,620",,"497,198",,"30,935",333,"78,802","1,121","4,183,866","615,392","6,798,700",Asia,13,892,2,,,"4,550"
41,Morocco,"514,944",,"9,098",,"503,181",,"2,665",96,"13,809",244,"6,380,889","171,108","37,291,548",Africa,72,"4,099",6,,,71
42,Malaysia,"474,556","+4,446","1,947",+45,"429,103","+2,784","43,506",522,"14,500",59,"10,573,102","323,070","32,727,008",Asia,69,"16,809",3,136,1,"1,329"
43,Nepal,"464,218","+9,198","5,215",+214,"345,523","+5,767","113,480",,"15,687",176,"2,792,673","94,372","29,592,220",Asia,64,"5,674",11,311,7,"3,835"
44,Saudi Arabia,"433,094",,"7,162",,"417,787",,"8,145","1,376","12,274",203,"17,970,506","509,290","35,285,426",Asia,81,"4,927",2,,,231
45,Bulgaria,"414,192",,"17,259",,"362,475",,"34,458",499,"60,005","2,500","2,668,212","386,549","6,902,641",Europe,17,400,3,,,"4,992"
46,Ecuador,"410,129",,"19,699",,"354,499",,"35,931",587,"22,943","1,102","1,368,816","76,572","17,876,097",South America,44,907,13,,,"2,010"
47,Slovakia,"387,659",+136,"12,238",+14,"371,004",+109,"4,417",192,"70,974","2,241","2,765,568","506,333","5,461,953",Europe,14,446,2,25,3,809
48,Belarus,"377,532","+1,191","2,711",+10,"367,840",+743,"6,981",,"39,965",287,"6,105,215","646,287","9,446,606",Europe,25,"3,485",2,126,1,739
49,Greece,"377,090",,"11,415",,"338,571",,"27,104",656,"36,334","1,100","8,856,180","853,320","10,378,501",Europe,28,909,1,,,"2,612"
50,Panama,"370,877",,"6,296",,"359,214",,"5,367",105,"84,794","1,439","2,524,764","577,242","4,373,839",North America,12,695,2,,,"1,227"
51,Kazakhstan,"360,193","+2,089","4,073",+19,"317,741","+1,738","38,379",221,"18,985",215,"10,749,824","566,607","18,972,287",Asia,53,"4,658",2,110,1,"2,023"
52,Croatia,"350,506",+116,"7,738",+30,"337,475","+1,025","5,293",173,"85,843","1,895","1,929,591","472,579","4,083,105",Europe,12,528,2,28,7,"1,296"
53,Bolivia,"332,567","+1,051","13,517",+24,"271,690","+1,224","47,360",200,"28,156","1,144","1,309,771","110,889","11,811,601",South America,36,874,9,89,2,"4,010"
54,Georgia,"330,879",+504,"4,469",+27,"310,859","+2,038","15,551",,"83,084","1,122","4,591,316","1,152,881","3,982,471",Asia,12,891,1,127,7,"3,905"
55,Azerbaijan,"329,843",,"4,779",,"314,900",,"10,164",,"32,278",468,"3,384,053","331,158","10,218,835",Asia,31,"2,138",3,,,995
56,Tunisia,"326,572",,"11,849",,"287,644",,"27,079",445,"27,382",994,"1,387,361","116,327","11,926,362",Africa,37,"1,007",9,,,"2,271"
57,Paraguay,"313,527",,"7,596",,"260,339",,"45,592",582,"43,492","1,054","1,194,232","165,663","7,208,824",South America,23,949,6,,,"6,324"
58,Palestine,"303,827",,"3,428",,"292,523",,"7,876",78,"58,380",659,"1,790,483","344,041","5,204,277",Asia,17,"1,518",3,,,"1,513"
59,Kuwait,"291,629",,"1,693",,"277,820",,"12,116",186,"67,421",391,"2,460,103","568,742","4,325,517",Asia,15,"2,555",2,,,"2,801"
60,Costa Rica,"282,741",,"3,547",,"221,903",,"57,291",489,"55,065",691,"1,093,074","212,881","5,134,663",North America,18,"1,448",5,,,"11,158"
61,Dominican Republic,"277,188",,"3,582",,"233,830",,"39,776",289,"25,331",327,"1,478,358","135,100","10,942,699",North America,39,"3,055",7,,,"3,635"
62,Denmark,"267,339",+836,"2,503",+1,"251,665",+714,"13,171",29,"46,014",431,"47,223,277","8,127,915","5,810,011",Europe,22,"2,321",0,144,0.2,"2,267"
63,Ethiopia,"266,264",,"3,996",,"219,566",,"42,702",582,"2,267",34,"2,652,558","22,588","117,432,264",Africa,441,"29,387",44,,,364
64,Lithuania,"266,063",+504,"4,112",+7,"240,079",+164,"21,872",178,"98,946","1,529","3,111,213","1,157,026","2,688,974",Europe,10,654,1,187,3,"8,134"
65,Ireland,"255,672",,"4,941",,"237,878",,"12,853",39,"51,280",991,"4,729,538","948,596","4,985,829",Europe,20,"1,009",1,,,"2,578"
66,Moldova,"253,845",,"6,027",,"244,857",,"2,961",149,"63,055","1,497","1,048,032","260,331","4,025,764",Europe,16,668,4,,,736
67,Slovenia,"249,424",+113,"4,327",+3,"237,630",+206,"7,467",122,"119,962","2,081","1,232,247","592,658","2,079,188",Europe,8,481,2,54,1,"3,591"
68,Egypt,"245,721",,"14,327",,"181,478",,"49,916",90,"2,362",138,"2,715,258","26,105","104,011,195",Africa,423,"7,260",38,,,480
69,Guatemala,"241,369",,"7,887",,"221,298",,"12,184",5,"13,259",433,"1,345,112","73,893","18,203,514",North America,75,"2,308",14,,,669
70,Uruguay,"240,512",,"3,459",,"209,338",,"27,715",499,"69,029",993,"2,005,217","575,510","3,484,241",South America,14,"1,007",2,,,"7,954"
71,Honduras,"226,719",+755,"5,960",+6,"82,602",+41,"138,157",536,"22,578",594,"679,008","67,619","10,041,602",North America,44,"1,685",15,75,0.6,"13,758"
72,Armenia,"220,927",+67,"4,333",+10,"208,899",+445,"7,695",,"74,434","1,460","1,039,050","350,075","2,968,081",Asia,13,685,3,23,3,"2,593"
73,Venezuela,"215,301",,"2,396",,"199,202",,"13,703",316,"7,590",84,"3,359,014","118,419","28,365,471",South America,132,"11,839",8,,,483
74,Qatar,"213,183",,530,,"207,077",,"5,576",205,"75,925",189,"1,970,800","701,901","2,807,805",Asia,13,"5,298",1,,,"1,986"
75,Oman,"206,297",+786,"2,206",+13,"191,065",+723,"13,026",238,"39,527",423,"1,550,000","296,981","5,219,189",Asia,25,"2,366",3,151,2,"2,496"
76,Bosnia and Herzegovina,"202,490",+71,"9,051",+25,"169,455",+906,"23,984",,"62,057","2,774","945,559","289,786","3,262,955",Europe,16,361,3,22,8,"7,350"
77,Bahrain,"200,977",,746,,"183,859",,"16,372",160,"114,670",426,"4,353,926","2,484,178","1,752,663",Asia,9,"2,349",0,,,"9,341"
78,Libya,"181,410",,"3,088",,"168,128",,"10,194",,"26,092",444,"983,395","141,443","6,952,613",Africa,38,"2,251",7,,,"1,466"
79,Nigeria,"165,709",,"2,066",,"156,413",,"7,230",11,787,10,"1,977,479","9,391","210,568,792",Africa,"1,271","101,921",106,,,34
80,Kenya,"165,465",,"3,003",,"113,612",,"48,850",117,"3,019",55,"1,744,393","31,833","54,799,111",Africa,331,"18,248",31,,,891
81,North Macedonia,"154,698",,"5,211",,"145,851",,"3,636",111,"74,256","2,501","756,480","363,116","2,083,299",Europe,13,400,3,,,"1,745"
82,Myanmar,"143,065",,"3,212",,"132,115",,"7,738",,"2,614",59,"2,601,770","47,540","54,727,963",Asia,383,"17,039",21,,,141
83,Sri Lanka,"142,746",,962,,"118,322",,"23,462",,"6,642",45,"3,075,321","143,094","21,491,623",Asia,151,"22,341",7,,,"1,092"
84,S. Korea,"132,290",+619,"1,903",+3,"122,163",+399,"8,224",151,"2,578",37,"9,353,300","182,298","51,307,738",Asia,388,"26,962",5,12,0.06,160
85,Albania,"132,015",,"2,432",,"124,312",,"5,271",18,"45,917",846,"674,402","234,571","2,875,050",Europe,22,"1,182",4,,,"1,833"
86,Latvia,"128,125",+147,"2,269",+3,"117,799",+568,"8,057",71,"68,592","1,215","2,494,618","1,335,505","1,867,921",Europe,15,823,1,79,2,"4,313"
87,Estonia,"127,206",+153,"1,223",+1,"118,772",+94,"7,211",32,"95,837",921,"1,362,651","1,026,622","1,327,315",Europe,10,"1,085",1,115,0.8,"5,433"
88,Algeria,"125,311",,"3,374",,"87,359",,"34,578",28,"2,814",76,"230,861","5,183","44,539,145",Africa,355,"13,201",193,,,776
89,Cuba,"124,454",,804,,"116,660",,"6,990",126,"10,994",71,"3,993,104","352,730","11,320,573",North America,91,"14,080",3,,,617
90,Norway,"119,299",,774,,"88,952",,"29,573",22,"21,857",142,"5,423,294","993,604","5,458,204",Europe,46,"7,052",1,,,"5,418"
91,Thailand,"111,082","+9,635",614,+25,"67,200","+1,397","43,268","1,228","1,588",9,"8,124,896","116,148","69,952,942",Asia,630,"113,930",9,138,0.4,619
92,Kyrgyzstan,"100,732",+259,"1,711",+8,"93,886",+284,"5,135",85,"15,221",259,"1,059,935","160,165","6,617,784",Asia,66,"3,868",6,39,1,776
93,Montenegro,"98,852",,"1,561",,"95,902",,"1,389",60,"157,374","2,485","395,033","628,898","628,135",Europe,6,402,2,,,"2,211"
94,Uzbekistan,"96,893",+223,670,+2,"92,303",+192,"3,920",23,"2,859",20,"1,377,915","40,657","33,891,238",Asia,350,"50,584",25,7,0.06,116
95,Ghana,"93,243",,783,,"91,146",,"1,314",7,"2,947",25,"1,118,523","35,356","31,636,020",Africa,339,"40,404",28,,,42
96,Zambia,"92,436",,"1,260",,"90,816",,360,39,"4,909",67,"1,471,632","78,155","18,829,768",Africa,204,"14,944",13,,,19
97,Finland,"90,249",+144,933,+2,"46,000",,"43,316",27,"16,266",168,"4,766,116","859,032","5,548,239",Europe,61,"5,947",1,26,0.4,"7,807"
98,Cameroon,"74,946",,"1,152",,"70,497",,"3,297",385,"2,764",42,"1,518,411","55,991","27,118,683",Africa,362,"23,541",18,,,122
99,El Salvador,"71,479",,"2,187",,"66,903",,"2,389",22,"10,972",336,"956,458","146,814","6,514,767",North America,91,"2,979",7,,,367
100,Cyprus,"71,064",,346,,"39,061",,"31,657",50,"58,488",285,"5,881,056","4,840,280","1,215,024",Asia,17,"3,512",0,,,"26,055"
101,Mozambique,"70,442",,826,,"68,725",,891,21,"2,200",26,"536,999","16,774","32,013,672",Africa,454,"38,757",60,,,28
102,Luxembourg,"69,028",,806,,"66,183",,"2,039",30,"108,734","1,270","2,760,597","4,348,540","634,833",Europe,9,788,0,,,"3,212"
103,Afghanistan,"63,819",+221,"2,751",+6,"55,009",+323,"6,059","1,124","1,608",69,"432,676","10,902","39,688,992",Asia,622,"14,427",92,6,0.2,153
104,Singapore,"61,613",+28,31,,"61,104",,478,2,"10,460",5,"10,441,802","1,772,663","5,890,461",Asia,96,"190,015",1,5,,81
105,Namibia,"51,218",,718,,"48,247",,"2,253",66,"19,845",278,"409,887","158,816","2,580,891",Africa,50,"3,595",6,,,873
106,Botswana,"49,656",,761,,"46,640",,"2,255",1,"20,752",318,"1,089,391","455,268","2,392,857",Africa,48,"3,144",2,,,942
107,Mongolia,"49,175",+533,214,+7,"41,844",+944,"7,117",103,"14,793",64,"2,833,138","852,277","3,324,198",Asia,68,"15,534",1,160,2,"2,141"
108,Jamaica,"47,319",,860,,"23,124",,"23,335",18,"15,919",289,"354,313","119,199","2,972,449",North America,63,"3,456",8,,,"7,850"
109,Ivory Coast,"46,656",,298,,"46,079",,279,,"1,732",11,"608,960","22,600","26,944,545",Africa,578,"90,418",44,,,10
110,Maldives,"44,523",,97,,"28,459",,"15,967",90,"81,125",177,"794,211","1,447,130","548,818",Asia,12,"5,658",1,,,"29,093"
111,Uganda,"42,779",,347,,"41,971",,461,24,910,7,"1,059,988","22,558","46,990,201",Africa,"1,098","135,418",44,,,10
112,Senegal,"40,872",+22,"1,127",+2,"39,597",+24,148,10,"2,387",66,"499,075","29,141","17,126,224",Africa,419,"15,196",34,1,0.1,9
113,Madagascar,"40,204",+63,771,+8,"37,945",+122,"1,488",268,"1,420",27,"195,878","6,920","28,307,945",Africa,704,"36,716",145,2,0.3,53
114,Zimbabwe,"38,560",,"1,582",,"36,329",,649,12,"2,562",105,"445,957","29,629","15,051,170",Africa,390,"9,514",34,,,43
115,Sudan,"34,272",,"2,446",,"27,949",,"3,877",,766,55,"232,965","5,207","44,737,269",Africa,"1,305","18,290",192,,,87
116,Malawi,"34,214",,"1,153",,"32,210",,851,11,"1,749",59,"239,091","12,225","19,558,322",Africa,572,"16,963",82,,,44
117,Angola,"30,637",,659,,"25,715",,"4,263",22,908,20,"527,590","15,632","33,750,530",Africa,"1,102","51,215",64,,,126
118,DRC,"30,609",+47,776,,"26,603",,"3,230",,333,8,"155,288","1,689","91,917,040",Africa,"3,003","118,450",592,0.5,,35
119,Malta,"30,484",+4,417,,"29,920",+15,147,,"68,879",942,"898,798","2,030,861","442,570",Europe,15,"1,061",0,9,,332
120,Australia,"29,978",+3,910,,"28,900",,168,1,"1,164",35,"17,542,376","681,057","25,757,558",Australia/Oceania,859,"28,305",1,0.1,,7
121,Cabo Verde,"28,168",,249,,"25,023",,"2,896",23,"50,188",444,"158,645","282,665","561,247",Africa,20,"2,254",4,,,"5,160"
122,Rwanda,"26,141",,344,,"24,764",,"1,033",2,"1,976",26,"1,371,636","103,672","13,230,555",Africa,506,"38,461",10,,,78
123,Gabon,"23,799",,143,,"20,379",,"3,277",15,"10,478",63,"767,445","337,891","2,271,282",Africa,95,"15,883",3,,,"1,443"
124,Syria,"23,738",,"1,698",,"20,780",,"1,260",,"1,328",95,"103,566","5,796","17,869,274",Asia,753,"10,524",173,,,71
125,Guinea,"22,746",,151,,"20,366",,"2,229",24,"1,692",11,"445,243","33,125","13,441,345",Africa,591,"89,016",30,,,166
126,Réunion,"22,644",,169,,"21,603",,872,36,"25,135",188,"102,720","114,021","900,885",Africa,40,"5,331",9,,,968
127,Cambodia,"22,544",+360,154,+4,"13,006",+886,"9,384",,"1,332",9,"1,079,873","63,821","16,920,328",Asia,751,"109,872",16,21,0.2,555
128,French Guiana,"21,465",,108,,"9,995",,"11,362",28,"70,287",354,"234,758","768,713","305,391",South America,14,"2,828",1,,,"37,205"
129,Mayotte,"20,176",,171,,"2,964",,"17,041",6,"72,439",614,"176,919","635,204","278,523",Africa,14,"1,629",2,,,"61,183"
130,Mauritania,"18,828",,457,,"18,090",,281,14,"3,959",96,"249,519","52,469","4,755,551",Africa,253,"10,406",19,,,59
131,French Polynesia,"18,815",,141,,"18,650",,24,1,"66,643",499,"26,355","93,350","282,325",Australia/Oceania,15,"2,002",11,,,85
132,Eswatini,"18,520",,672,,"17,800",,48,3,"15,821",574,"199,225","170,186","1,170,630",Africa,63,"1,742",6,,,41
133,Trinidad and Tobago,"16,255",,285,,"10,208",,"5,762",15,"11,582",203,"153,053","109,055","1,403,445",North America,86,"4,924",9,,,"4,106"
134,Guadeloupe,"16,017",,221,,"2,242",,"13,554",33,"40,024",552,"195,404","488,285","400,184",North America,25,"1,811",2,,,"33,869"
135,Guyana,"15,271",,341,,"12,967",,"1,963",14,"19,334",432,"137,081","173,550","789,864",South America,52,"2,316",6,,,"2,485"
136,Somalia,"14,486",,753,,"6,325",,"7,408",,890,46,"120,132","7,380","16,277,182",Africa,"1,124","21,616",135,,,455
137,Mali,"14,190",,511,,"9,227",,"4,452",,684,25,"284,272","13,696","20,755,750",Africa,"1,463","40,618",73,,,214
138,Papua New Guinea,"13,707",,136,,"11,034",,"2,537",,"1,507",15,"110,286","12,127","9,094,256",Australia/Oceania,663,"66,870",82,,,279
139,Andorra,"13,510",,127,,"13,155",,228,12,"174,609","1,641","193,595","2,502,100","77,373",Europe,6,609,0,,,"2,947"
140,Burkina Faso,"13,397",,164,,"13,199",,34,,626,8,"184,102","8,603","21,399,698",Africa,"1,597","130,486",116,,,2
141,Haiti,"13,353",,271,,"12,414",,668,,"1,159",24,"60,085","5,214","11,523,564",North America,863,"42,522",192,,,58
143,Togo,"13,275",,125,,"11,897",,"1,253",,"1,572",15,"323,274","38,271","8,447,012",Africa,636,"67,576",26,,,148
144,Belize,"12,714",,323,,"12,337",,54,1,"31,478",800,"124,603","308,499","403,901",North America,32,"1,250",3,,,134
145,Curaçao,"12,254",,120,,"12,069",,65,18,"74,411",729,"103,551","628,805","164,679",North America,13,"1,372",2,,,395
146,Suriname,"11,950",,228,,"10,237",,"1,485",30,"20,213",386,"55,763","94,319","591,214",South America,49,"2,593",11,,,"2,512"
147,Hong Kong,"11,826",+1,210,,"11,531",+6,85,2,"1,566",28,"14,841,321","1,965,735","7,550,012",Asia,638,"35,952",1,0.1,,11
148,Martinique,"11,736",,90,,98,,"11,548",24,"31,295",240,"170,302","454,125","375,011",North America,32,"4,167",2,,,"30,794"
149,Djibouti,"11,434",,151,,"11,266",,17,,"11,428",151,"154,011","153,934","1,000,501",Africa,88,"6,626",6,,,17
150,Congo,"11,343",,148,,"8,208",,"2,987",,"2,013",26,"141,948","25,187","5,635,839",Africa,497,"38,080",40,,,530
151,Bahamas,"11,024",,216,,"9,967",,841,5,"27,802",545,"91,550","230,884","396,519",North America,36,"1,836",4,,,"2,121"
152,Aruba,"10,854",,104,,"10,662",,88,14,"101,286",970,"157,746","1,472,033","107,162",North America,10,"1,030",1,,,821
153,Lesotho,"10,790",,320,,"6,427",,"4,043",,"5,002",148,"87,981","40,788","2,157,056",Africa,200,"6,741",25,,,"1,874"
154,South Sudan,"10,652",,115,,"10,462",,75,,942,10,"159,088","14,069","11,308,016",Africa,"1,062","98,331",71,,,7
155,Seychelles,"9,184",,32,,"6,413",,"2,739",,"92,882",324,"21,504","217,480","98,878",Africa,11,"3,090",5,,,"27,701"
156,Benin,"7,995",,101,,"7,652",,242,35,645,8,"595,112","47,999","12,398,337",Africa,"1,551","122,756",21,,,20
157,Equatorial Guinea,"7,694",,112,,"7,279",,303,7,"5,333",78,"123,169","85,366","1,442,826",Africa,188,"12,882",12,,,210
158,Nicaragua,"7,086",,184,,"4,225",,"2,677",,"1,059",27,,,"6,693,189",North America,945,"36,376",,,,400
159,CAR,"6,866",,95,,"5,112",,"1,659",2,"1,400",19,"40,907","8,344","4,902,756",Africa,714,"51,608",120,,,338
160,Iceland,"6,548",+11,29,,"6,456",+11,63,4,"19,081",85,"631,957","1,841,501","343,175",Europe,52,"11,834",1,32,,184
161,Yemen,"6,543",,"1,289",,"3,023",,"2,231",23,215,42,"36,546","1,202","30,395,998",Asia,"4,646","23,581",832,,,73
162,Gambia,"5,940",,175,,"5,674",,91,3,"2,400",71,"76,379","30,855","2,475,455",Africa,417,"14,145",32,,,37
163,Niger,"5,333",,192,,"4,953",,188,2,214,8,"102,334","4,099","24,963,103",Africa,"4,681","130,016",244,,,8
164,San Marino,"5,083",,90,,"4,968",,25,4,"149,531","2,648","63,241","1,860,412","33,993",Europe,7,378,1,,,735
165,Chad,"4,904",,173,,"4,688",,43,,291,10,"116,839","6,941","16,833,892",Africa,"3,433","97,306",144,,,3
166,Saint Lucia,"4,818",,75,,"4,516",,227,2,"26,134",407,"43,118","233,879","184,360",North America,38,"2,458",4,,,"1,231"
167,Timor-Leste,"4,589",+131,10,,"2,406",+70,"2,173",,"3,424",7,"85,223","63,587","1,340,259",Asia,292,"134,026",16,98,,"1,621"
168,Vietnam,"4,359",+184,37,+1,"2,668",,"1,654",,44,0.4,"3,091,540","31,514","98,101,977",Asia,"22,506","2,651,405",32,2,0.01,17
169,Burundi,"4,329",,6,,773,,"3,550",,355,0.5,"279,132","22,885","12,197,235",Africa,"2,818","2,032,873",44,,,291
171,Sierra Leone,"4,107",,79,,"3,104",,924,,506,10,"153,257","18,879","8,117,836",Africa,"1,977","102,757",53,,,114
172,Channel Islands,"4,057",,86,,"3,956",,15,,"23,148",491,"454,413","2,592,794","175,260",Europe,43,"2,038",0,,,86
173,Barbados,"3,967",,46,,"3,922",,-1,,"13,790",160,"162,817","565,962","287,682",North America,73,"6,254",2,,,-3.48
174,Comoros,"3,863",,146,,"3,699",,18,,"4,362",165,,,"885,680",Africa,229,"6,066",,,,20
175,Eritrea,"3,844",,12,,"3,654",,178,,"1,071",3,"23,693","6,601","3,589,136",Africa,934,"299,095",151,,,50
176,Guinea-Bissau,"3,746",,67,,"3,438",,241,9,"1,865",33,"65,627","32,677","2,008,341",Africa,536,"29,975",31,,,120
177,Liechtenstein,"2,990",+5,58,,"2,887",,45,3,"78,223","1,517","39,109","1,023,153","38,224",Europe,13,659,1,131,,"1,177"
178,New Zealand,"2,651",+5,26,,"2,607",+6,18,,530,5,"2,082,570","416,339","5,002,100",Australia/Oceania,"1,887","192,388",2,1.0,,4
179,Monaco,"2,493",,32,,"2,434",,27,1,"63,138",810,"51,953","1,315,765","39,485",Europe,16,"1,234",1,,,684
180,Bermuda,"2,466",,32,,"2,250",,184,7,"39,725",515,"253,555","4,084,524","62,077",North America,25,"1,940",0,,,"2,964"
181,Turks and Caicos,"2,404",,17,,"2,365",,22,2,"61,369",434,"65,926","1,682,945","39,173",North America,16,"2,304",1,,,562
182,Sao Tome and Principe,"2,327",,35,,"2,274",,18,,"10,449",157,"12,999","58,371","222,695",Africa,96,"6,363",17,,,81
183,Sint Maarten,"2,282",,27,,"2,223",,32,2,"52,702",624,"26,880","620,785","43,300",North America,19,"1,604",2,,,739
184,Liberia,"2,114",,85,,"1,962",,67,2,410,16,"97,875","18,965","5,160,782",Africa,"2,441","60,715",53,,,13
185,Taiwan,"2,017",+335,12,,"1,123",+7,882,,85,0.5,"571,259","23,948","23,854,430",Asia,"11,827","1,987,869",42,14,,37
186,St. Vincent Grenadines,"1,937",,12,,"1,772",,153,2,"17,412",108,"47,148","423,810","111,248",North America,57,"9,271",2,,,"1,375"
187,Saint Martin,"1,773",,12,,"1,399",,362,7,"45,185",306,"27,588","703,076","39,239",North America,22,"3,270",1,,,"9,226"
188,Laos,"1,638",+47,2,,582,+8,"1,054",,222,0.3,"223,820","30,380","7,367,417",Asia,"4,498","3,683,709",33,6,,143
189,Caribbean Netherlands,"1,597",,17,,"1,563",,17,,"60,412",643,"10,072","381,010","26,435",North America,17,"1,555",3,,,643
190,Isle of Man,"1,590",,29,,"1,558",,3,1,"18,613",339,"44,761","523,974","85,426",Europe,54,"2,946",2,,,35
191,Bhutan,"1,286",,1,,"1,155",,130,,"1,651",1,"745,825","957,402","779,009",Asia,606,"779,009",1,,,167
192,Mauritius,"1,282",,17,,"1,134",,131,,"1,007",13,"358,675","281,620","1,273,612",Africa,993,"74,918",4,,,103
193,Antigua and Barbuda,"1,241",,33,,"1,179",,29,4,"12,582",335,"16,700","169,309","98,636",North America,79,"2,989",6,,,294
194,St. Barth,974,,1,,462,,511,,"98,354",101,"26,385","2,664,344","9,903",North America,10,"9,903",0,,,"51,601"
196,Faeroe Islands,670,,1,,663,,6,,"13,666",20,"259,990","5,303,213","49,025",Europe,73,"49,025",0,,,122
197,Cayman Islands,565,,2,,547,,16,,"8,510",30,"93,583","1,409,510","66,394",North America,118,"33,197",1,,,241
198,Tanzania,509,,21,,183,,305,7,8,0.3,,,"61,207,228",Africa,"120,250","2,914,630",,,,5
199,Wallis and Futuna,445,,7,,436,,2,1,"40,213",633,"17,264","1,560,094","11,066",Australia/Oceania,25,"1,581",1,,,181
200,British Virgin Islands,248,,1,,209,,38,,"8,156",33,"39,777","1,308,153","30,407",North America,123,"30,407",1,,,"1,250"
201,Brunei,232,,3,,220,,9,,526,7,"123,068","278,984","441,130",Asia,"1,901","147,043",4,,,20
202,Dominica,178,,,,176,,2,,"2,467",,"15,844","219,622","72,142",North America,405,,5,,,28
203,Fiji,174,+2,4,,119,,51,,193,4,"70,792","78,474","902,110",Australia/Oceania,"5,185","225,528",13,2,,57
205,New Caledonia,124,,,,58,,66,,431,,"32,150","111,675","287,890",Australia/Oceania,"2,322",,9,,,229
206,Anguilla,109,,,,95,,14,,"7,209",,"21,728","1,437,037","15,120",North America,139,,1,,,926
208,Macao,50,+1,,,49,,1,,76,,"4,483","6,823","657,039",Asia,"13,141",,147,2,,2
211,Vatican City,27,,,,15,,12,,"33,624",,,,803,Europe,30,,,,,"14,944"
215,Western Sahara,10,,1,,8,,1,,16,2,,,"610,072",Africa,"61,007","610,072",,,,2
219,Samoa,3,,,,2,,1,,15,,,,"199,564",Australia/Oceania,"66,521",,,,,5
222,China,"90,872",+25,"4,636",,"85,945",+25,291,1,63,3,"160,000,000","111,163","1,439,323,776",Asia,"15,839","310,467",9,0.02,,0.2
