abn,webid,success,attempts,status_code,note
66423882776,66275d070c719f25ead9799af6a051b3,1,20,200,All good
26779227907,39215c61a12a52233a596c6489a35364,1,20,200,All good
29186184660,08758a0d2eee17f176f7ef75a7a42b95,1,20,200,All good
52603681670,c3dd0cb63f754b923cc6c897f51d33ec,1,20,200,All good
43101693449,c987cf1067adf40a6f1aed69daa0cfeb,1,20,200,All good
19885187707,823786b331184f0e85f819e66b18ab61,1,20,200,All good
59717746323,42a52b3b5f127ef39fe44a30dffcd717,1,20,200,All good
12782876905,a8b520dd593349d45c7a6b1e05b16cad,1,20,200,All good
72618612652,c2d9293049f841fb90879a78ecac96eb,1,20,200,All good
45335191581,de80efab83ab0435d9c080bcb0c025b6,1,20,200,All good
84050092422,57defb5b4f846b522966b8e8e65ad087,1,20,200,All good
31575460139,03e9345dff0736eba5b6cfc3fc13c517,1,20,200,All good
29148109535,aff400c3c4ca179547995c1702514350,1,20,200,All good
14232196950,19e4bb86a42e760df0545f4309a5e9a2,1,20,200,All good
68234010351,8c4f34e6205caa5757cc0eb62fc446c5,1,20,200,All good
55501325812,4fd098788dcf2802c14ed5333e450e05,1,20,200,All good
18317667045,0b41663c6cba246f3c8feb93c79d95cc,1,20,200,All good
30618348830,efc2a7de05a8a54ef597163fd54b5a4a,1,20,200,All good
67600518223,e41f232b6f1bd55277231e20810db717,1,20,200,All good
86352831972,6972b0149a719a6fc6c5f6eac7eae9b8,1,20,200,All good
69093616835,eadfa046d0c680034242f1e58651edb2,1,20,200,All good
44954763013,add85420ef0b6d6ae4c6ad3c5bf240cf,1,20,200,All good
79098660130,fe447b235ecc11482ff2ee200e14f8e1,1,20,200,All good
12602293587,a22719b4b3890cffff79cd8e1bb86d8f,1,20,200,All good
40309389462,e67a233138e2077db658ec465fbf6238,1,20,200,All good
19064456800,81d450b8de53bfb51c5163496fab60da,1,20,200,All good
23135951905,76668e5e3b930ee355e525dfbfbfa164,1,20,200,All good
19416546368,27d8aa98039889b32af63490d2200cc9,1,20,200,All good
17798511721,9ee09d4edde6f98ab16db1c11a751248,1,20,200,All good
88383595786,867d743a51f84045d278e6f74b0d0175,1,20,200,All good
85631934677,212932da65c659e86ce3c6004940f337,1,20,200,All good
24942084905,39dfa000222b206777372dbb006489fa,1,20,200,All good
30996171084,b619da0c2fbfcd2d88bdb903ed62d039,1,20,200,All good
67807833911,197d6a305f807c7acab5419f31a42b0f,1,20,200,All good
30628556126,155791d82742166749a9e3ab9a495807,1,20,200,All good
70621725818,114ae696bfc54ad019ac67192940c041,1,20,200,All good
98709072230,23724ac9e4908f9313e2a55d458c3f51,1,20,200,All good
61118984697,e9699dd078610903681c123e0ae8d81d,1,20,200,All good
47104732749,a1d36435a053b66a7605289daedf9cae,1,20,200,All good
98249386677,000581f5f33f0fc61cd39693ff59e135,1,20,200,All good
65323033457,adf4af830c9cd8c4d067d757b55822a8,1,20,200,All good
40691053541,833efc98646d4daaa8585b20dd4e32c2,1,20,200,All good
84732527013,b6338988e03a9a9209aabeb150d05bed,1,20,200,All good
28519327557,af9ded6b95d3e199f4fef5e546a072ce,1,20,200,All good
89253204275,30def023645c533ab5a1880f91fb8b95,1,20,200,All good
49107529262,c52546d0ee85dac45cc53b25fe11638c,1,20,200,All good
67507322550,6e13d2fe7b923df1420a65c24c863448,1,20,200,All good
29113922713,5636c3f4c2ec9a3924b3dcd49a3a3820,1,20,200,All good
29469078143,9616be3d8bdb45ba0318776f56498c5a,1,20,200,All good
64615652778,f794578d7e6100e4a16b59da49312f9b,1,20,200,All good
65161778123,c19ff8d08786afe4e7e9ecec593220b5,1,20,200,All good
50002506470,8a0b65111eda2132b71c933242180fd5,1,20,200,All good
91193572635,94550bb361e6f3d4a45e26c09f5f58de,1,20,200,All good
85079312313,999017fa590320b2d8de8a779804a41b,1,20,200,All good
46946574148,b7288151fd550e973ee6808f7d3a90a5,1,20,200,All good
63144947188,9cfd00cca8071510adb313de6224ad3f,1,20,200,All good
45577233292,1b628426309f0d6095151cf49e1c81e8,1,20,200,All good
95559199061,2d4b8493196ed7d27a86e95f8f53e14a,1,20,200,All good
38739013713,ea87c4620cae4e73cb7fe8ba2a78deaa,1,20,200,All good
77428160468,9f3392201488e0245208b45ee37dcf32,1,20,200,All good
78295487149,75adb07f88d64b22840585849875113a,1,20,200,All good
35009569106,44b645a6bf5c6b74bed2a2cae513ae6b,1,20,200,All good
97110213326,499a1e4cd3af1e0c1ccfd070fbd669af,1,20,200,All good
72614706141,fb270c787919ad1762505633961d8220,1,20,200,All good
85668789122,78a4931239647e38c5747d9c9ea9828a,1,20,200,All good
20001342301,964e86297da4594064859c933b8ff8b6,1,20,200,All good
81750381818,641e2f584e53f43b60950770ba17ec00,1,20,200,All good
96418358489,49d44735bb15163759ca231694593148,1,20,200,All good
28478286143,3324ba02d427de818b0c274abc47b34c,1,20,200,All good
77844283248,894fa00bc0afde7c5483b63de5da072a,1,20,200,All good
28233134566,cff790bc23a00e1af752c0ac53097297,1,20,200,All good
93091358684,d829bf4eeee0e5befd0ce82f6e4daaf3,1,20,200,All good
75162042131,53b233a3d2801d71cfe61d8e9797b677,1,20,200,All good
44440882245,fae1e92fb876bf92b2c4eba721446943,1,20,200,All good
24387128714,291304152827c73f6545150524164da9,1,20,200,All good
12534505930,60bfe3f680819b69b6a4939408236d39,1,20,200,All good
65891648209,bbc5851d7b13ffdef9f376edcfadb244,1,20,200,All good
32615268641,f7daf26e6e96847f4dd8823986cee881,1,20,200,All good
51619339856,ec3de97440422dc0a9cf2f63ec693785,1,20,200,All good
91637994720,c92c154c60ba34b315528db2615460b5,1,20,200,All good
42727547365,c61fda98cec86baad86580ecde7300d1,1,20,200,All good
41783933713,b652ba9bda589e9b808ff71bc741f3e2,1,20,200,All good
39032093550,c6867135f86b83550bfb85f457c5d6a1,1,20,200,All good
24634332317,0f3bff42bdfea926d25b00a51a287638,1,20,200,All good
92370560313,2b81028f9d9bb61cef0b8eb7fc63b905,1,20,200,All good
73162014759,2e2f26bf9935a3fe9bee8e795196af50,1,20,200,All good
34852153636,a97f379b6dc1626983f82ad51f6765bb,1,20,200,All good
61043118175,c3b5c1726b43b96965240bdea499771b,1,20,200,All good
99660466747,8fb075394c63882d75b0bab653458d5a,1,20,200,All good
49120110074,8cf8c9f366022ecb70049ebc4232a4b0,1,20,200,All good
89922774327,8654cf66ca3af158599e8169f337e5f1,1,20,200,All good
36236152916,1a61029fce04c0826ab199c5662ac01d,1,20,200,All good
49411415493,6e23bebc126244279b61d1072d6c5050,1,20,200,All good
58581038390,6d9d63372d70027100e098c054eaaa90,1,20,200,All good
23527604045,df7f895fedace68eed0c4de0c8b1ad32,1,20,200,All good
93865911384,040be78b68da9fce67c071d64faa12e4,1,20,200,All good
86780010507,2f82bd6269ca6a7b7a4ffe5c45ef4cd0,1,20,200,All good
28073235668,87dcbca610e7ed94fb9ea882ba525fe7,1,20,200,All good
52607329456,280d58ce7bb46f6a5c8589688029facc,1,20,200,All good
96127343579,c8f98bd9b9d0fa88c3070611db601aa9,1,20,200,All good
98164028488,3a05fbe14a39678be4fbef45ba0247e4,1,20,200,All good
42022879359,cc8cdaca60c405d65deb3b278151bfa4,1,20,200,All good
35925590719,3937e09aad546fde87882594a1163c4f,1,20,200,All good
91893631195,3a867e059b7c8f4b38faf0640cf61283,1,20,200,All good
30352549862,f4e8a03638af643ee76ab3726212fec4,1,20,200,All good
36590518137,162398137a464a87ae68ac19ecc4838b,1,20,200,All good
74002899578,3f84dfce44c5d804219c01d823e39d1d,1,20,200,All good
49758636720,bcac6d45f5469414060b828127fdee86,1,20,200,All good
13477856743,579c245e8b38f9da85780e4980aa6409,1,20,200,All good
43301355825,1c08b3b78a1315933f1a0684101262ba,1,20,200,All good
62475473063,9519705817d729364c8ca769eb862c5c,1,20,200,All good
63006186812,585369ea5902ecd952e0f934b3065714,1,20,200,All good
12645422033,7ed0b7dce35ff870c87ec02001a307cd,1,20,200,All good
65923400760,53f55ea595f2cf2a8675bfb456ed552d,1,20,200,All good
68905599559,336bf8f8f01f6601b9189b045388dd44,1,20,200,All good
41603012906,b72741b3f82ee56e8c659454ae76a9de,1,20,200,All good
58810140793,f95aa1ee9d2b170902eaf77b8c719ea3,1,20,200,All good
64085000120,1bac7c74856534b7c6148cf778491f07,1,20,200,All good
54188167193,38b88203134c009d1f939b07da6709f6,1,20,200,All good
69825774318,d1e31f250880a7470b4cc7be039c2a6a,1,20,200,All good
93255605803,43adf8c05121798db38e826e95bbae38,1,20,200,All good
18891750884,1f6100528cbb8f1001b2b82e1f0c2952,1,20,200,All good
20493013106,fd05a764160e6cc9e0b005d5df7725d6,1,20,200,All good
37249122484,7070d19beaacbf2b275018edc4e65cc7,1,20,200,All good
79832914907,207ecc59326abaad52ad5818dc8ad995,1,20,200,All good
13372781950,622490dd7c5736e01d9399cf9bd4c21d,1,20,200,All good
33556882820,33f463a67694f484e044181c023ce5bd,1,20,200,All good
68356695980,c6c2f18c7d3b6266be897f08279bbb6e,1,20,200,All good
65864683179,f5f31afda942a3e0bdff15be5718cf3f,1,20,200,All good
28618866292,4f0d29a922efe355596f1c824d9b3bf5,1,20,200,All good
52602941319,857871c496ac1f68a82c8a398767894b,1,20,200,All good
36179252463,69e4ff617deb7e2ac32fb4372b678486,1,20,200,All good
17001558201,cb076b0f6f880a1caf8e4e42852bc601,1,20,200,All good
77387596586,486beb4eb41920ec7624fd9661763099,1,20,200,All good
84868235450,6ba7748fe06adbedb64cee5c1fe67586,1,20,200,All good
33295568110,79d79b7c8c6caeb75fea2af0ae84baad,1,20,200,All good
78750731039,6758b2724759ae61b3b0cbb45bacc4f6,1,20,200,All good
51726998387,037f4b9f534bb962bf2231eb48a7f26d,1,20,200,All good
89114213853,57b26f7c91483886b14aa0898b7be4ba,1,20,200,All good
25102071531,331d8f28fa0ace1ce2ec0db214faf3e4,1,20,200,All good
87235095058,2f3e44ed0e4833eb1dcfd1c97f9e07bf,1,20,200,All good
48018405843,be68c99af9327f68aeb107c2e8aa4664,1,20,200,All good
72252028020,80b884e18ca711e3dd925f03628b9098,1,20,200,All good
49318935234,ac800ab710315bbd5c58bdbc247dced7,1,20,200,All good
56273504293,6ee74ac963c21717c44dd079894521f1,1,20,200,All good
11370084009,013054d3baff6d6a9de0498439d545ee,1,20,200,All good
66615417245,d9d069cb8c4b23be6c98d9749c8714f0,1,20,200,All good
30699727327,455a3884d45ce37308c17872c47b22d5,1,20,200,All good
14628727542,783acac3dabf3c63d8fba67cf1872380,1,20,200,All good
35374982252,4db204221a94a5ac34a6c7fdb119d538,1,20,200,All good
89730493681,08bbed06d74d78f1755d62ef467b80a3,1,20,200,All good
82301033868,60677e5cfae9546269e8e79e7fbd104f,1,20,200,All good
72517343363,e4ae8afa312529823419485a758febe1,1,20,200,All good
73213668724,129c15486ef4709005eaff74454e2f6b,1,20,200,All good
75526440012,1a1535b90a39a93ba2084661f03e51b4,1,20,200,All good
23005326849,c864de969dd3cf407d175c47ed33fb8c,1,20,200,All good
26511801801,0de5d02d1dd3043b3f19982f2a55dd62,1,20,200,All good
94820532526,123107ed84e1bbbffb4eec83ed4f8bae,1,20,200,All good
20077298625,28d3eb17b9dd1ff9d14d1b69946652eb,1,20,200,All good
64983196241,a49f26889f1ca1694e2e22ff6d504fe2,1,20,200,All good
31678766114,aa08bfbbe686d69792a12aa138d79ea4,1,20,200,All good
76492475738,e6933164b1be5fd9c13e363a1fc66c09,1,20,200,All good
13628586699,7b67b69b17aeb63bf17ae18b1eca076f,1,20,200,All good
16973707679,cf68fc651736d85aae1a020ed93e4f16,1,20,200,All good
63946169818,d42b25fee2dc4c7e663aeabe745b8d96,1,20,200,All good
18702323549,948681caddc1009a47baaacdf7f37e91,1,20,200,All good
34104160761,abfb08ae6858e2e007f216f1c4aa05a1,1,20,200,All good
68834818892,4100bd9a0f833808ad012c5ff0fbf8b7,1,20,200,All good
52074919950,20b2502a7f9a385dea5f3fbb465db3d3,1,20,200,All good
28790158358,68101617b1fb6bbfb273c2ba610d7370,1,20,200,All good
60278528179,d60a458124d076309d9c3da6a14a3c28,1,20,200,All good
57494131920,93054f6c0440a4b84191cbbebcafe95e,1,20,200,All good
83950172232,ed6d9e06afb6b15ddf4fe618b4e61780,1,20,200,All good
53577022604,3103d7b5c8bb412928b08be08c7a487e,1,20,200,All good
30368706619,7c64f17e38f1f856663a12a7313e4edd,1,20,200,All good
16772528584,03cbae9a5189930e9f91cb91fffab842,1,20,200,All good
70838686257,f82cb53970c0e2e7e379cbc439c83224,1,20,200,All good
98041373515,012fb56bd8902eaf77572a96617cfc52,1,20,200,All good
74634682974,cbc8644d97978fdaac0ea8f04d648216,1,20,200,All good
45620367714,162d165843f09631c25847cfafc08018,1,20,200,All good
27680369776,5c7ef0ea18a2821ac12eafaac5bc5aa4,1,20,200,All good
39328841084,8457f19b60471a756c777bf29c486aeb,1,20,200,All good
58587626978,a5eee83d1b98451149bbbd3ebb93bb39,1,20,200,All good
69737849266,8156c06c409a72dcf511e5678705f579,1,20,200,All good
58380935984,64cd26f279c84ab7f9da41ad144bfd75,1,20,200,All good
69012680193,1bc7e6ef5c486bad221ae86ec6c017b9,1,20,200,All good
72746361700,c83508545972a7f332ba837853f648b2,1,20,200,All good
57254057196,6e3a9c612e52702ac9cac7c541f82161,1,20,200,All good
24990294782,a91df7e39741176ffe0b96d8fe80aa0d,1,20,200,All good
91858983224,cc43225950a35f9f26bede1e9e1eccf4,1,20,200,All good
45162173707,2e5244bb4b93ff94c81977e94606bdf3,1,20,200,All good
41156017446,6d6f9c226791c42a1cb769f7a77b3a5e,1,20,200,All good
88560763771,f3b3300c8e9ea016ba77331029b54e45,1,20,200,All good
12001444837,3625faae4af546923d74d39b38c55c0d,1,20,200,All good
86578621195,91c5014212acb616d670ab0ba5977770,1,20,200,All good
33123990539,4b2711820bf080b6b62089c30cd97abc,1,20,200,All good
82066160761,d35738f2bf6a2daeb3567e09a258659f,1,20,200,All good
97858169951,afaab68fd1638b14be7d89c73674c4e5,1,20,200,All good
78363521026,4295f30f2bf46988b16cc7d838f8c122,1,20,200,All good
97385256101,bb053642f7b6e3f620c10bc11e3fe3d0,1,20,200,All good
39056645930,2e63952ce9000f9dcc27a67e5c770e34,1,20,200,All good
95781367114,00abfca4cb7d44cacb2de17c5a465104,1,20,200,All good
51122849076,afaff91e8ae4a17c1882295d1abf6fa8,1,20,200,All good
36855432374,9140a93ec626658d1e5dbeaa9e3cd5f1,1,20,200,All good
86875623906,dec09ee8a39e34a4f46d6a56d509852d,1,20,200,All good
42054887697,f263351599e9fac50b89776ebf5bf18a,1,20,200,All good
38081830316,1e49e230d5b391e868b83a661c72e2ec,1,20,200,All good
12220363629,3da685fb4c0ed28467b93d44e5a30f0a,1,20,200,All good
81030512985,355daecd65799f603dd64e2b9e248600,1,20,200,All good
38338980190,853b9cbeffea58c4ce790bacf8ae14fe,1,20,200,All good
77541712392,3880ce7b37f516b620bb07318fef58f7,1,20,200,All good
12256994201,0655a0bd5c6f28cf23983d51753d6673,1,20,200,All good
73011035420,5bc689123ff924418d5fc6a0f4157c43,1,20,200,All good
11900453908,e69bee7ae3673256b9a036a670258c76,1,20,200,All good
45926675900,d5c99fe88acd2c1bf350c7bc76e191fb,1,20,200,All good
28427351253,9a240470182fac39a3c1106c1f5d2d7b,1,20,200,All good
30393471996,b1839d011b904689592b871aa4255c19,1,20,200,All good
45235426138,ac24134a307ed757a4edd490e2a53827,1,20,200,All good
54160646999,18ac57fb3e9599fb522070dcb9f3614d,1,20,200,All good
39130900784,637e164af41a7d231e6330d453806fb4,1,20,200,All good
12897347239,990a37d4ce112b01491c9913a83f5ea7,1,20,200,All good
81462509988,355a17a767537062404f897e7dcc8e9c,1,20,200,All good
86370010355,be4374cfaad6617b2eca34a6909ae260,1,20,200,All good
92296025533,3787fe572eda6df26a27968b19fbf074,1,20,200,All good
31724690101,83da638ed0f91a56dc91a6d19098c60d,1,20,200,All good
99399360229,55ff6d88c6bbcc5452fb1d490a7677c7,1,20,200,All good
32841977052,9a46ee4f2971468539a79aa7d635ba8d,1,20,200,All good
61909669681,4403ca3c3efcd1cabce9ce4c8344abfe,1,20,200,All good
51162265296,8530ab89546a8c05ab08449f617f9cbb,1,20,200,All good
74008735613,172e367e2f2467f80c1c56b83f7c70f7,1,20,200,All good
30874648274,108249d8c4851bb87678a4ec7da7ad8e,1,20,200,All good
77386779232,241154d47aec8fd38a39c6e662bd09cb,1,20,200,All good
53640560807,dce72b30cf35c098149cc5decf875df8,1,20,200,All good
16943001168,130f77af1aa15c6d78d6969b5f7ca6ef,1,20,200,All good
19145523452,c3c54adaa68f6461b4e63adbfbdbbdb6,1,20,200,All good
12060568633,dc5a269e9419adeebe188cdc5b772120,1,20,200,All good
63096458990,f5aeebc23d8747bd6ca00acf3d840dae,1,20,200,All good
44017027211,b2441bafe99297fd2a177b6ced15c547,1,20,200,All good
36384007686,3ebe77e6bd99f51006c100dc58534f66,1,20,200,All good
89584231495,f9a54bccea74ddcefa31b5ff5eb8f3bf,1,20,200,All good
53794866493,318ccfda4c568177a16511800021c28d,1,20,200,All good
95102926492,5b29a8f24e66a9b00a76ac65045ccea4,1,20,200,All good
61210364383,103d66b48f6ddaa44602f8d4336e2e7c,1,20,200,All good
54059901512,2d1f2015aea5c6a914e326aff440a156,1,20,200,All good
86987810424,dd91aa796baf33ba5818d6a5830796a8,1,20,200,All good
12268060723,eade0e0497b85ab4857be35ac1779d64,1,20,200,All good
91233584761,5a99ec133543143133620871147f0874,1,20,200,All good
33707215018,050ccad0ebe54009359e14633c900860,1,20,200,All good
34844707349,1d018e468639ff51202f0d3a020be22a,1,20,200,All good
14567533824,1b68097824b963a870f5ef7bae4724ad,1,20,200,All good
24073913194,d859d8ad3c826ddac23751affa538c47,1,20,200,All good
20561349123,3a760349cc62d5c0964721789244b76b,1,20,200,All good
55360406785,7c6092f9b3731fb8f24377bde8f76d21,1,20,200,All good
56192924159,e94dcfe4143d3f44b2785d7d1d577daf,1,20,200,All good
80317293730,7f8d6b194db33cf64469ef528959eaf5,1,20,200,All good
17689237925,4194c16eac734b2a6007dcbd0a1f228a,1,20,200,All good
51003917575,f3e1a2e94ee9a4eee6135244fe07498a,1,20,200,All good
47137821919,e86b9b2b0837fb128bbfceb22703ef26,1,20,200,All good
90811596593,9524d201c9db8e2c8c4d58f7e07bc06d,1,20,200,All good
18213992088,0aee17b97c6206dd46be6f654780ebe4,1,20,200,All good
32085588656,d9c7cacdbdbd2cc1eda5249fe3f7cdbb,1,20,200,All good
33637991473,a8b91a2262b1e278daace95f0af78194,1,20,200,All good
24326076562,91859f67b60a036ef40dfa09979cfca3,1,20,200,All good
26965181233,73d4f805ae5134c746a28cb015c54458,1,20,200,All good
85155429729,24bb390c69808574ffd99873a56489ca,1,20,200,All good
77001417125,65ad430bb7bc54a23f414275c0126af8,1,20,200,All good
48485657783,7f0f68dc946f68bb577df18b6d7359dc,1,20,200,All good
20947041051,407de39e8b4a08e3566ba2756c9164f9,1,20,200,All good
91211664276,27f7943a1eee91b1fe3aa2c2f83db009,1,20,200,All good
60005712943,a950e0d39182ae67bd73c269c7817f7a,1,20,200,All good
12507027560,7c8f46914a9695f0bbac9cc7c17e6442,1,20,200,All good
23693386194,b68cec72ea3e86371d06e598da12c26e,1,20,200,All good
45192401336,5f84d7c7966e1f6a155ac0780bedfa9e,1,20,200,All good
65497359438,850892714369cfa3cc83ae012694f3d8,1,20,200,All good
14615650281,4fb1a829846b3e3dae237f2f4e0a525d,1,20,200,All good
86294993663,b48666e8bf2b3bdc09976902dc635660,1,20,200,All good
34180958508,f8b9147c4b9a221942cff699dfe65b27,1,20,200,All good
61538944016,dd5cbd0e8c55b1f85c7e006fd60194d9,1,20,200,All good
37513950780,f1fdfaae21e16e9d4dcefe5dc8912eff,1,20,200,All good
25252946980,f77a4c95ce691ce63627e7d607348e64,1,20,200,All good
75121696089,13e4eed824b7afd11ee882edf8952b3d,1,20,200,All good
42604259722,c3649d48713bf789a3718bdedfc92a76,1,20,200,All good
12168906349,17550e2ac03146b8e3bde269447d69e1,1,20,200,All good
66218828571,ae4617b583bc02297040fe0a48d678f1,1,20,200,All good
54009775007,f4dec3a008e4b043ee466af4d0127054,1,20,200,All good
